DO $EF$
BEGIN
    IF NOT EXISTS(SELECT 1 FROM pg_namespace WHERE nspname = 'ida') THEN
        CREATE SCHEMA ida;
    END IF;
END $EF$;


CREATE TABLE ida.aplicacao (
    "Id" bigint GENERATED BY DEFAULT AS IDENTITY,
    "Nome" character varying(200) NOT NULL,
    "DtUltimaAtualizacao" timestamp without time zone NOT NULL DEFAULT (now()),
    CONSTRAINT "PK_aplicacao" PRIMARY KEY ("Id")
);


CREATE TABLE ida.area (
    "Id" bigint GENERATED BY DEFAULT AS IDENTITY,
    "Nome" character varying(200) NOT NULL,
    "DtUltimaAtualizacao" timestamp without time zone NOT NULL DEFAULT (now()),
    CONSTRAINT "PK_area" PRIMARY KEY ("Id")
);


CREATE TABLE ida.cliente (
    "Id" bigint GENERATED BY DEFAULT AS IDENTITY,
    "Nome" character varying(200) NOT NULL,
    "Cnpj" character varying(14) NOT NULL,
    "Email" character varying(200) NOT NULL,
    "Telefone" character varying(14) NOT NULL,
    "Foto" bytea,
    "DtUltimaAtualizacao" timestamp without time zone NOT NULL DEFAULT (now()),
    CONSTRAINT "PK_cliente" PRIMARY KEY ("Id")
);


CREATE TABLE ida.log_auditoria (
    "Id" bigint GENERATED BY DEFAULT AS IDENTITY,
    "Usuario" character varying(200) NOT NULL,
    "Acao" character varying(50) NOT NULL,
    "Tabela" character varying(100) NOT NULL,
    "DadosAntigos" text NOT NULL,
    "DadosNovos" text NOT NULL,
    "DataHora" timestamp without time zone NOT NULL,
    "DtUltimaAtualizacao" timestamp without time zone NOT NULL,
    CONSTRAINT "PK_log_auditoria" PRIMARY KEY ("Id")
);


CREATE TABLE ida.modelo_controle (
    "Id" bigint GENERATED BY DEFAULT AS IDENTITY,
    "Nome" character varying(200) NOT NULL,
    "DtUltimaAtualizacao" timestamp without time zone NOT NULL DEFAULT (now()),
    CONSTRAINT "PK_modelo_controle" PRIMARY KEY ("Id")
);


CREATE TABLE ida.role (
    "Id" bigint GENERATED BY DEFAULT AS IDENTITY,
    "Nome" character varying(200) NOT NULL,
    "DtUltimaAtualizacao" timestamp without time zone NOT NULL DEFAULT (now()),
    CONSTRAINT "PK_role" PRIMARY KEY ("Id")
);


CREATE TABLE ida.pessoa (
    "Id" bigint GENERATED BY DEFAULT AS IDENTITY,
    "Nome" character varying(200) NOT NULL,
    "Cpf" character varying(11) NOT NULL,
    "Email" character varying(200) NOT NULL,
    "Telefone" character varying(14) NOT NULL,
    "Foto" bytea,
    "DataNascimento" timestamp without time zone,
    "IdCliente" bigint,
    "DtUltimaAtualizacao" timestamp without time zone NOT NULL DEFAULT (now()),
    CONSTRAINT "PK_pessoa" PRIMARY KEY ("Id"),
    CONSTRAINT "FK_pessoa_cliente_IdCliente" FOREIGN KEY ("IdCliente") REFERENCES ida.cliente ("Id")
);


CREATE TABLE ida.cliente_modelo_controle (
    "Id" bigint GENERATED BY DEFAULT AS IDENTITY,
    "IdCliente" bigint NOT NULL,
    "IdModeloControle" bigint NOT NULL,
    "DtUltimaAtualizacao" timestamp without time zone NOT NULL,
    CONSTRAINT "PK_cliente_modelo_controle" PRIMARY KEY ("Id"),
    CONSTRAINT "FK_cliente_modelo_controle_cliente_IdCliente" FOREIGN KEY ("IdCliente") REFERENCES ida.cliente ("Id") ON DELETE CASCADE,
    CONSTRAINT "FK_cliente_modelo_controle_modelo_controle_IdModeloControle" FOREIGN KEY ("IdModeloControle") REFERENCES ida.modelo_controle ("Id") ON DELETE CASCADE
);


CREATE TABLE ida.cargo (
    "Id" bigint GENERATED BY DEFAULT AS IDENTITY,
    "Nome" character varying(200) NOT NULL,
    "IdRole" bigint NOT NULL,
    "DtUltimaAtualizacao" timestamp without time zone NOT NULL DEFAULT (now()),
    CONSTRAINT "PK_cargo" PRIMARY KEY ("Id"),
    CONSTRAINT "FK_cargo_role_IdRole" FOREIGN KEY ("IdRole") REFERENCES ida.role ("Id") ON DELETE CASCADE
);


CREATE TABLE ida.role_aplicacao (
    "Id" bigint GENERATED BY DEFAULT AS IDENTITY,
    "IdRole" bigint NOT NULL,
    "IdAplicacao" bigint NOT NULL,
    "DtUltimaAtualizacao" timestamp without time zone NOT NULL DEFAULT (now()),
    CONSTRAINT "PK_role_aplicacao" PRIMARY KEY ("Id"),
    CONSTRAINT "FK_role_aplicacao_aplicacao_IdAplicacao" FOREIGN KEY ("IdAplicacao") REFERENCES ida.aplicacao ("Id") ON DELETE CASCADE,
    CONSTRAINT "FK_role_aplicacao_role_IdRole" FOREIGN KEY ("IdRole") REFERENCES ida.role ("Id") ON DELETE CASCADE
);


CREATE TABLE ida.cargo_area (
    "Id" bigint GENERATED BY DEFAULT AS IDENTITY,
    "IdCargo" bigint NOT NULL,
    "IdArea" bigint NOT NULL,
    "DtUltimaAtualizacao" timestamp without time zone NOT NULL DEFAULT (now()),
    CONSTRAINT "PK_cargo_area" PRIMARY KEY ("Id"),
    CONSTRAINT "FK_cargo_area_area_IdArea" FOREIGN KEY ("IdArea") REFERENCES ida.area ("Id") ON DELETE CASCADE,
    CONSTRAINT "FK_cargo_area_cargo_IdCargo" FOREIGN KEY ("IdCargo") REFERENCES ida.cargo ("Id") ON DELETE CASCADE
);


CREATE TABLE ida.cliente_cargo (
    "Id" bigint GENERATED BY DEFAULT AS IDENTITY,
    "IdCliente" bigint NOT NULL,
    "IdCargo" bigint NOT NULL,
    "DtUltimaAtualizacao" timestamp without time zone NOT NULL DEFAULT (now()),
    CONSTRAINT "PK_cliente_cargo" PRIMARY KEY ("Id"),
    CONSTRAINT "FK_cliente_cargo_cargo_IdCargo" FOREIGN KEY ("IdCargo") REFERENCES ida.cargo ("Id") ON DELETE CASCADE,
    CONSTRAINT "FK_cliente_cargo_cliente_IdCliente" FOREIGN KEY ("IdCliente") REFERENCES ida.cliente ("Id") ON DELETE CASCADE
);


CREATE TABLE ida.usuario (
    "Id" bigint NOT NULL,
    "Login" character varying(200) NOT NULL,
    "Senha" character varying(255) NOT NULL,
    "FlAtivo" boolean NOT NULL DEFAULT TRUE,
    "DtUltimaAtualizacao" timestamp without time zone NOT NULL DEFAULT (now()),
    "IdCargo" bigint NOT NULL,
    CONSTRAINT "PK_usuario" PRIMARY KEY ("Id"),
    CONSTRAINT "FK_usuario_cargo_IdCargo" FOREIGN KEY ("IdCargo") REFERENCES ida.cargo ("Id") ON DELETE CASCADE,
    CONSTRAINT "FK_usuario_pessoa_Id" FOREIGN KEY ("Id") REFERENCES ida.pessoa ("Id") ON DELETE CASCADE
);


CREATE TABLE ida.cliente_usuario (
    "Id" bigint GENERATED BY DEFAULT AS IDENTITY,
    "IdCliente" bigint NOT NULL,
    "IdUsuario" bigint NOT NULL,
    "IdArea" bigint NOT NULL,
    "DtUltimaAtualizacao" timestamp without time zone NOT NULL DEFAULT (now()),
    CONSTRAINT "PK_cliente_usuario" PRIMARY KEY ("Id"),
    CONSTRAINT "FK_cliente_usuario_area_IdArea" FOREIGN KEY ("IdArea") REFERENCES ida.area ("Id") ON DELETE CASCADE,
    CONSTRAINT "FK_cliente_usuario_cliente_IdCliente" FOREIGN KEY ("IdCliente") REFERENCES ida.cliente ("Id") ON DELETE CASCADE,
    CONSTRAINT "FK_cliente_usuario_usuario_IdUsuario" FOREIGN KEY ("IdUsuario") REFERENCES ida.usuario ("Id") ON DELETE CASCADE
);


CREATE TABLE ida.lancamento (
    "Id" bigint GENERATED BY DEFAULT AS IDENTITY,
    id_usuario bigint NOT NULL,
    id_modelo_controle bigint NOT NULL,
    data_lancamento timestamp without time zone NOT NULL DEFAULT (now()),
    "DtUltimaAtualizacao" timestamp without time zone NOT NULL,
    CONSTRAINT "PK_lancamento" PRIMARY KEY ("Id"),
    CONSTRAINT "FK_lancamento_modelo_controle_id_modelo_controle" FOREIGN KEY (id_modelo_controle) REFERENCES ida.modelo_controle ("Id") ON DELETE CASCADE,
    CONSTRAINT "FK_lancamento_usuario_id_usuario" FOREIGN KEY (id_usuario) REFERENCES ida.usuario ("Id") ON DELETE CASCADE
);


CREATE TABLE ida.notificacao (
    "Id" bigint GENERATED BY DEFAULT AS IDENTITY,
    "Titulo" character varying(200) NOT NULL,
    "Mensagem" text NOT NULL,
    "Lida" boolean NOT NULL,
    "IdUsuarioDestino" bigint NOT NULL,
    "Tipo" text NOT NULL,
    "DtUltimaAtualizacao" timestamp without time zone NOT NULL DEFAULT (now()),
    CONSTRAINT "PK_notificacao" PRIMARY KEY ("Id"),
    CONSTRAINT "FK_notificacao_usuario_IdUsuarioDestino" FOREIGN KEY ("IdUsuarioDestino") REFERENCES ida.usuario ("Id") ON DELETE CASCADE
);


CREATE TABLE ida.usuario_area (
    "Id" bigint GENERATED BY DEFAULT AS IDENTITY,
    "IdUsuario" bigint NOT NULL,
    "IdArea" bigint NOT NULL,
    "DtUltimaAtualizacao" timestamp without time zone NOT NULL DEFAULT (now()),
    CONSTRAINT "PK_usuario_area" PRIMARY KEY ("Id"),
    CONSTRAINT "FK_usuario_area_area_IdArea" FOREIGN KEY ("IdArea") REFERENCES ida.area ("Id") ON DELETE CASCADE,
    CONSTRAINT "FK_usuario_area_usuario_IdUsuario" FOREIGN KEY ("IdUsuario") REFERENCES ida.usuario ("Id") ON DELETE CASCADE
);


CREATE TABLE ida.lancamento_cadastro (
    "Id" bigint NOT NULL,
    qtd_click_link bigint NOT NULL,
    qtd_cadastros bigint NOT NULL,
    vlr_ticket_medio numeric(38,2) NOT NULL,
    vlr_investimento_meta numeric(38,2) NOT NULL,
    vlr_investimento_google numeric(38,2) NOT NULL,
    CONSTRAINT "PK_lancamento_cadastro" PRIMARY KEY ("Id"),
    CONSTRAINT "FK_lancamento_cadastro_lancamento_Id" FOREIGN KEY ("Id") REFERENCES ida.lancamento ("Id") ON DELETE CASCADE
);


CREATE TABLE ida.lancamento_saude (
    "Id" bigint NOT NULL,
    qtd_click_meta bigint NOT NULL,
    qtd_click_google bigint NOT NULL,
    qtd_contatos_reais bigint NOT NULL,
    qtd_conversao_consultas bigint NOT NULL,
    vlr_ticket_medio_consultas numeric(38,2),
    qtd_entrada_redes_sociais bigint NOT NULL,
    qtd_entrada_google bigint NOT NULL,
    vlr_investimento_meta numeric(38,12),
    vlr_investimento_google numeric(38,2),
    CONSTRAINT "PK_lancamento_saude" PRIMARY KEY ("Id"),
    CONSTRAINT "FK_lancamento_saude_lancamento_Id" FOREIGN KEY ("Id") REFERENCES ida.lancamento ("Id") ON DELETE CASCADE
);


CREATE TABLE ida.lancamento_varejo (
    "Id" bigint NOT NULL,
    qtd_atendimento bigint NOT NULL,
    qtd_fechamento bigint NOT NULL,
    faturamento numeric(38,2) NOT NULL,
    qtd_instagram bigint NOT NULL,
    qtd_facebook bigint NOT NULL,
    qtd_google bigint NOT NULL,
    qtd_indicacao bigint NOT NULL,
    vlr_investimento_meta numeric(38,2) NOT NULL,
    vlr_investimento_google numeric(38,2) NOT NULL,
    CONSTRAINT "PK_lancamento_varejo" PRIMARY KEY ("Id"),
    CONSTRAINT "FK_lancamento_varejo_lancamento_Id" FOREIGN KEY ("Id") REFERENCES ida.lancamento ("Id") ON DELETE CASCADE
);


INSERT INTO ida.aplicacao ("Id", "DtUltimaAtualizacao", "Nome")
VALUES (1, TIMESTAMP '2026-03-04T21:53:06.93594', 'Página Inicial');
INSERT INTO ida.aplicacao ("Id", "DtUltimaAtualizacao", "Nome")
VALUES (2, TIMESTAMP '2026-03-04T21:53:06.93594', 'Dashboard');
INSERT INTO ida.aplicacao ("Id", "DtUltimaAtualizacao", "Nome")
VALUES (3, TIMESTAMP '2026-03-04T21:53:06.93594', 'Gerenciamento de Cliente');
INSERT INTO ida.aplicacao ("Id", "DtUltimaAtualizacao", "Nome")
VALUES (4, TIMESTAMP '2026-03-04T21:53:06.93594', 'Gerenciamento de Pessoa');
INSERT INTO ida.aplicacao ("Id", "DtUltimaAtualizacao", "Nome")
VALUES (5, TIMESTAMP '2026-03-04T21:53:06.93594', 'Gerenciamento de Cargo');
INSERT INTO ida.aplicacao ("Id", "DtUltimaAtualizacao", "Nome")
VALUES (6, TIMESTAMP '2026-03-04T21:53:06.93594', 'Gerenciamento de Área');
INSERT INTO ida.aplicacao ("Id", "DtUltimaAtualizacao", "Nome")
VALUES (7, TIMESTAMP '2026-03-04T21:53:06.93594', 'Gerenciamento de Usuário');
INSERT INTO ida.aplicacao ("Id", "DtUltimaAtualizacao", "Nome")
VALUES (8, TIMESTAMP '2026-03-04T21:53:06.935941', 'Relatórios');
INSERT INTO ida.aplicacao ("Id", "DtUltimaAtualizacao", "Nome")
VALUES (9, TIMESTAMP '2026-03-04T21:53:06.935941', 'Configurações');
INSERT INTO ida.aplicacao ("Id", "DtUltimaAtualizacao", "Nome")
VALUES (10, TIMESTAMP '2026-03-04T21:53:06.935941', 'Gerenciamento de Modelo de Controle');
INSERT INTO ida.aplicacao ("Id", "DtUltimaAtualizacao", "Nome")
VALUES (11, TIMESTAMP '2026-03-04T21:53:06.935941', 'Gerenciamento de Lançamentos');


INSERT INTO ida.area ("Id", "DtUltimaAtualizacao", "Nome")
VALUES (1, TIMESTAMP '2026-03-04T21:53:06.935965', 'Administração');


INSERT INTO ida.cliente ("Id", "Cnpj", "DtUltimaAtualizacao", "Email", "Foto", "Nome", "Telefone")
VALUES (1, '00000000000000', TIMESTAMP '2026-03-04T21:53:06.935956', 'suporte@analytica.com', NULL, 'Analytica IDA', '00000000000');


INSERT INTO ida.modelo_controle ("Id", "DtUltimaAtualizacao", "Nome")
VALUES (1, TIMESTAMP '2026-03-04T21:53:06.935945', 'Cadastros');
INSERT INTO ida.modelo_controle ("Id", "DtUltimaAtualizacao", "Nome")
VALUES (2, TIMESTAMP '2026-03-04T21:53:06.935945', 'Varejo');
INSERT INTO ida.modelo_controle ("Id", "DtUltimaAtualizacao", "Nome")
VALUES (3, TIMESTAMP '2026-03-04T21:53:06.935945', 'Saúde');


INSERT INTO ida.role ("Id", "DtUltimaAtualizacao", "Nome")
VALUES (1, TIMESTAMP '2026-03-04T21:53:06.93592', 'admin');
INSERT INTO ida.role ("Id", "DtUltimaAtualizacao", "Nome")
VALUES (2, TIMESTAMP '2026-03-04T21:53:06.935921', 'proprietário');
INSERT INTO ida.role ("Id", "DtUltimaAtualizacao", "Nome")
VALUES (3, TIMESTAMP '2026-03-04T21:53:06.935921', 'supervisor');
INSERT INTO ida.role ("Id", "DtUltimaAtualizacao", "Nome")
VALUES (4, TIMESTAMP '2026-03-04T21:53:06.935921', 'vendedor');


INSERT INTO ida.cargo ("Id", "DtUltimaAtualizacao", "IdRole", "Nome")
VALUES (1, TIMESTAMP '2026-03-04T21:53:06.935961', 1, 'Administrador');


INSERT INTO ida.pessoa ("Id", "Cpf", "DataNascimento", "DtUltimaAtualizacao", "Email", "Foto", "IdCliente", "Nome", "Telefone")
VALUES (1, '00000000000', NULL, TIMESTAMP '2026-03-04T21:53:06.935979', 'suporte@analytica.com', NULL, 1, 'Administrador', '00000000000');


INSERT INTO ida.role_aplicacao ("Id", "DtUltimaAtualizacao", "IdAplicacao", "IdRole")
VALUES (1, TIMESTAMP '2026-03-04T21:53:06.935948', 1, 1);
INSERT INTO ida.role_aplicacao ("Id", "DtUltimaAtualizacao", "IdAplicacao", "IdRole")
VALUES (2, TIMESTAMP '2026-03-04T21:53:06.935949', 2, 1);
INSERT INTO ida.role_aplicacao ("Id", "DtUltimaAtualizacao", "IdAplicacao", "IdRole")
VALUES (3, TIMESTAMP '2026-03-04T21:53:06.935949', 3, 1);
INSERT INTO ida.role_aplicacao ("Id", "DtUltimaAtualizacao", "IdAplicacao", "IdRole")
VALUES (4, TIMESTAMP '2026-03-04T21:53:06.935949', 4, 1);
INSERT INTO ida.role_aplicacao ("Id", "DtUltimaAtualizacao", "IdAplicacao", "IdRole")
VALUES (5, TIMESTAMP '2026-03-04T21:53:06.935949', 5, 1);
INSERT INTO ida.role_aplicacao ("Id", "DtUltimaAtualizacao", "IdAplicacao", "IdRole")
VALUES (6, TIMESTAMP '2026-03-04T21:53:06.935949', 6, 1);
INSERT INTO ida.role_aplicacao ("Id", "DtUltimaAtualizacao", "IdAplicacao", "IdRole")
VALUES (7, TIMESTAMP '2026-03-04T21:53:06.935949', 7, 1);
INSERT INTO ida.role_aplicacao ("Id", "DtUltimaAtualizacao", "IdAplicacao", "IdRole")
VALUES (8, TIMESTAMP '2026-03-04T21:53:06.93595', 8, 1);
INSERT INTO ida.role_aplicacao ("Id", "DtUltimaAtualizacao", "IdAplicacao", "IdRole")
VALUES (9, TIMESTAMP '2026-03-04T21:53:06.93595', 9, 1);
INSERT INTO ida.role_aplicacao ("Id", "DtUltimaAtualizacao", "IdAplicacao", "IdRole")
VALUES (10, TIMESTAMP '2026-03-04T21:53:06.93595', 1, 2);
INSERT INTO ida.role_aplicacao ("Id", "DtUltimaAtualizacao", "IdAplicacao", "IdRole")
VALUES (11, TIMESTAMP '2026-03-04T21:53:06.93595', 2, 2);
INSERT INTO ida.role_aplicacao ("Id", "DtUltimaAtualizacao", "IdAplicacao", "IdRole")
VALUES (12, TIMESTAMP '2026-03-04T21:53:06.93595', 4, 2);
INSERT INTO ida.role_aplicacao ("Id", "DtUltimaAtualizacao", "IdAplicacao", "IdRole")
VALUES (13, TIMESTAMP '2026-03-04T21:53:06.93595', 5, 2);
INSERT INTO ida.role_aplicacao ("Id", "DtUltimaAtualizacao", "IdAplicacao", "IdRole")
VALUES (14, TIMESTAMP '2026-03-04T21:53:06.93595', 6, 2);
INSERT INTO ida.role_aplicacao ("Id", "DtUltimaAtualizacao", "IdAplicacao", "IdRole")
VALUES (15, TIMESTAMP '2026-03-04T21:53:06.935951', 7, 2);
INSERT INTO ida.role_aplicacao ("Id", "DtUltimaAtualizacao", "IdAplicacao", "IdRole")
VALUES (16, TIMESTAMP '2026-03-04T21:53:06.935951', 8, 2);
INSERT INTO ida.role_aplicacao ("Id", "DtUltimaAtualizacao", "IdAplicacao", "IdRole")
VALUES (17, TIMESTAMP '2026-03-04T21:53:06.935951', 1, 3);
INSERT INTO ida.role_aplicacao ("Id", "DtUltimaAtualizacao", "IdAplicacao", "IdRole")
VALUES (18, TIMESTAMP '2026-03-04T21:53:06.935951', 2, 3);
INSERT INTO ida.role_aplicacao ("Id", "DtUltimaAtualizacao", "IdAplicacao", "IdRole")
VALUES (19, TIMESTAMP '2026-03-04T21:53:06.935951', 4, 3);
INSERT INTO ida.role_aplicacao ("Id", "DtUltimaAtualizacao", "IdAplicacao", "IdRole")
VALUES (20, TIMESTAMP '2026-03-04T21:53:06.935951', 7, 3);
INSERT INTO ida.role_aplicacao ("Id", "DtUltimaAtualizacao", "IdAplicacao", "IdRole")
VALUES (21, TIMESTAMP '2026-03-04T21:53:06.935951', 8, 3);
INSERT INTO ida.role_aplicacao ("Id", "DtUltimaAtualizacao", "IdAplicacao", "IdRole")
VALUES (22, TIMESTAMP '2026-03-04T21:53:06.935951', 1, 4);
INSERT INTO ida.role_aplicacao ("Id", "DtUltimaAtualizacao", "IdAplicacao", "IdRole")
VALUES (23, TIMESTAMP '2026-03-04T21:53:06.935951', 2, 4);
INSERT INTO ida.role_aplicacao ("Id", "DtUltimaAtualizacao", "IdAplicacao", "IdRole")
VALUES (24, TIMESTAMP '2026-03-04T21:53:06.935951', 8, 4);
INSERT INTO ida.role_aplicacao ("Id", "DtUltimaAtualizacao", "IdAplicacao", "IdRole")
VALUES (25, TIMESTAMP '2026-03-04T21:53:06.93595', 10, 1);
INSERT INTO ida.role_aplicacao ("Id", "DtUltimaAtualizacao", "IdAplicacao", "IdRole")
VALUES (26, TIMESTAMP '2026-03-04T21:53:06.935951', 11, 2);
INSERT INTO ida.role_aplicacao ("Id", "DtUltimaAtualizacao", "IdAplicacao", "IdRole")
VALUES (27, TIMESTAMP '2026-03-04T21:53:06.935951', 11, 3);
INSERT INTO ida.role_aplicacao ("Id", "DtUltimaAtualizacao", "IdAplicacao", "IdRole")
VALUES (28, TIMESTAMP '2026-03-04T21:53:06.935951', 11, 4);


INSERT INTO ida.cargo_area ("Id", "DtUltimaAtualizacao", "IdArea", "IdCargo")
VALUES (1, TIMESTAMP '2026-03-04T21:53:06.93597', 1, 1);


INSERT INTO ida.cliente_cargo ("Id", "DtUltimaAtualizacao", "IdCargo", "IdCliente")
VALUES (1, TIMESTAMP '2026-03-04T21:53:06.935967', 1, 1);


INSERT INTO ida.usuario ("Id", "DtUltimaAtualizacao", "FlAtivo", "IdCargo", "Login", "Senha")
VALUES (1, TIMESTAMP '2026-03-04T18:53:06.935983', TRUE, 1, 'admin', '$2a$11$xpZhdjqiPNR6mLOc1EfjPO8eksTtmn1ixj3JND6Mb9r66JS.kkkGK');


INSERT INTO ida.usuario_area ("Id", "DtUltimaAtualizacao", "IdArea", "IdUsuario")
VALUES (1, TIMESTAMP '2026-03-04T21:53:07.039442', 1, 1);


CREATE INDEX "IX_cargo_IdRole" ON ida.cargo ("IdRole");


CREATE INDEX "IX_cargo_area_IdArea" ON ida.cargo_area ("IdArea");


CREATE INDEX "IX_cargo_area_IdCargo" ON ida.cargo_area ("IdCargo");


CREATE INDEX "IX_cliente_cargo_IdCargo" ON ida.cliente_cargo ("IdCargo");


CREATE INDEX "IX_cliente_cargo_IdCliente" ON ida.cliente_cargo ("IdCliente");


CREATE INDEX "IX_cliente_modelo_controle_IdCliente" ON ida.cliente_modelo_controle ("IdCliente");


CREATE INDEX "IX_cliente_modelo_controle_IdModeloControle" ON ida.cliente_modelo_controle ("IdModeloControle");


CREATE INDEX "IX_cliente_usuario_IdArea" ON ida.cliente_usuario ("IdArea");


CREATE INDEX "IX_cliente_usuario_IdCliente" ON ida.cliente_usuario ("IdCliente");


CREATE INDEX "IX_cliente_usuario_IdUsuario" ON ida.cliente_usuario ("IdUsuario");


CREATE INDEX "IX_lancamento_id_modelo_controle" ON ida.lancamento (id_modelo_controle);


CREATE INDEX "IX_lancamento_id_usuario" ON ida.lancamento (id_usuario);


CREATE INDEX "IX_notificacao_IdUsuarioDestino" ON ida.notificacao ("IdUsuarioDestino");


CREATE INDEX "IX_pessoa_IdCliente" ON ida.pessoa ("IdCliente");


CREATE INDEX "IX_role_aplicacao_IdAplicacao" ON ida.role_aplicacao ("IdAplicacao");


CREATE INDEX "IX_role_aplicacao_IdRole" ON ida.role_aplicacao ("IdRole");


CREATE INDEX "IX_usuario_IdCargo" ON ida.usuario ("IdCargo");


CREATE INDEX "IX_usuario_area_IdArea" ON ida.usuario_area ("IdArea");


CREATE INDEX "IX_usuario_area_IdUsuario" ON ida.usuario_area ("IdUsuario");


SELECT setval(
    pg_get_serial_sequence('ida.aplicacao', 'Id'),
    GREATEST(
        (SELECT MAX("Id") FROM ida.aplicacao) + 1,
        nextval(pg_get_serial_sequence('ida.aplicacao', 'Id'))),
    false);
SELECT setval(
    pg_get_serial_sequence('ida.area', 'Id'),
    GREATEST(
        (SELECT MAX("Id") FROM ida.area) + 1,
        nextval(pg_get_serial_sequence('ida.area', 'Id'))),
    false);
SELECT setval(
    pg_get_serial_sequence('ida.cliente', 'Id'),
    GREATEST(
        (SELECT MAX("Id") FROM ida.cliente) + 1,
        nextval(pg_get_serial_sequence('ida.cliente', 'Id'))),
    false);
SELECT setval(
    pg_get_serial_sequence('ida.modelo_controle', 'Id'),
    GREATEST(
        (SELECT MAX("Id") FROM ida.modelo_controle) + 1,
        nextval(pg_get_serial_sequence('ida.modelo_controle', 'Id'))),
    false);
SELECT setval(
    pg_get_serial_sequence('ida.role', 'Id'),
    GREATEST(
        (SELECT MAX("Id") FROM ida.role) + 1,
        nextval(pg_get_serial_sequence('ida.role', 'Id'))),
    false);
SELECT setval(
    pg_get_serial_sequence('ida.cargo', 'Id'),
    GREATEST(
        (SELECT MAX("Id") FROM ida.cargo) + 1,
        nextval(pg_get_serial_sequence('ida.cargo', 'Id'))),
    false);
SELECT setval(
    pg_get_serial_sequence('ida.pessoa', 'Id'),
    GREATEST(
        (SELECT MAX("Id") FROM ida.pessoa) + 1,
        nextval(pg_get_serial_sequence('ida.pessoa', 'Id'))),
    false);
SELECT setval(
    pg_get_serial_sequence('ida.role_aplicacao', 'Id'),
    GREATEST(
        (SELECT MAX("Id") FROM ida.role_aplicacao) + 1,
        nextval(pg_get_serial_sequence('ida.role_aplicacao', 'Id'))),
    false);
SELECT setval(
    pg_get_serial_sequence('ida.cargo_area', 'Id'),
    GREATEST(
        (SELECT MAX("Id") FROM ida.cargo_area) + 1,
        nextval(pg_get_serial_sequence('ida.cargo_area', 'Id'))),
    false);
SELECT setval(
    pg_get_serial_sequence('ida.cliente_cargo', 'Id'),
    GREATEST(
        (SELECT MAX("Id") FROM ida.cliente_cargo) + 1,
        nextval(pg_get_serial_sequence('ida.cliente_cargo', 'Id'))),
    false);
SELECT setval(
    pg_get_serial_sequence('ida.usuario_area', 'Id'),
    GREATEST(
        (SELECT MAX("Id") FROM ida.usuario_area) + 1,
        nextval(pg_get_serial_sequence('ida.usuario_area', 'Id'))),
    false);


